--
-- PostgreSQL database dump
--

-- Dumped from database version 15.1 (Debian 15.1-1.pgdg110+1)
-- Dumped by pg_dump version 15.1 (Debian 15.1-1.pgdg110+1)

SET statement_timeout = 0;
SET lock_timeout = 0;
SET idle_in_transaction_session_timeout = 0;
SET client_encoding = 'UTF8';
SET standard_conforming_strings = on;
SELECT pg_catalog.set_config('search_path', '', false);
SET check_function_bodies = false;
SET xmloption = content;
SET client_min_messages = warning;
SET row_security = off;

SET default_tablespace = '';

SET default_table_access_method = heap;

--
-- Name: auth_group; Type: TABLE; Schema: public; Owner: postgres-user
--

CREATE TABLE public.auth_group (
    id integer NOT NULL,
    name character varying(150) NOT NULL
);


ALTER TABLE public.auth_group OWNER TO "postgres-user";

--
-- Name: auth_group_id_seq; Type: SEQUENCE; Schema: public; Owner: postgres-user
--

ALTER TABLE public.auth_group ALTER COLUMN id ADD GENERATED BY DEFAULT AS IDENTITY (
    SEQUENCE NAME public.auth_group_id_seq
    START WITH 1
    INCREMENT BY 1
    NO MINVALUE
    NO MAXVALUE
    CACHE 1
);


--
-- Name: auth_group_permissions; Type: TABLE; Schema: public; Owner: postgres-user
--

CREATE TABLE public.auth_group_permissions (
    id bigint NOT NULL,
    group_id integer NOT NULL,
    permission_id integer NOT NULL
);


ALTER TABLE public.auth_group_permissions OWNER TO "postgres-user";

--
-- Name: auth_group_permissions_id_seq; Type: SEQUENCE; Schema: public; Owner: postgres-user
--

ALTER TABLE public.auth_group_permissions ALTER COLUMN id ADD GENERATED BY DEFAULT AS IDENTITY (
    SEQUENCE NAME public.auth_group_permissions_id_seq
    START WITH 1
    INCREMENT BY 1
    NO MINVALUE
    NO MAXVALUE
    CACHE 1
);


--
-- Name: auth_permission; Type: TABLE; Schema: public; Owner: postgres-user
--

CREATE TABLE public.auth_permission (
    id integer NOT NULL,
    name character varying(255) NOT NULL,
    content_type_id integer NOT NULL,
    codename character varying(100) NOT NULL
);


ALTER TABLE public.auth_permission OWNER TO "postgres-user";

--
-- Name: auth_permission_id_seq; Type: SEQUENCE; Schema: public; Owner: postgres-user
--

ALTER TABLE public.auth_permission ALTER COLUMN id ADD GENERATED BY DEFAULT AS IDENTITY (
    SEQUENCE NAME public.auth_permission_id_seq
    START WITH 1
    INCREMENT BY 1
    NO MINVALUE
    NO MAXVALUE
    CACHE 1
);


--
-- Name: common_comment; Type: TABLE; Schema: public; Owner: postgres-user
--

CREATE TABLE public.common_comment (
    id bigint NOT NULL,
    content text NOT NULL,
    created_date timestamp with time zone NOT NULL,
    author_id bigint NOT NULL,
    destination_id bigint NOT NULL
);


ALTER TABLE public.common_comment OWNER TO "postgres-user";

--
-- Name: common_comment_id_seq; Type: SEQUENCE; Schema: public; Owner: postgres-user
--

ALTER TABLE public.common_comment ALTER COLUMN id ADD GENERATED BY DEFAULT AS IDENTITY (
    SEQUENCE NAME public.common_comment_id_seq
    START WITH 1
    INCREMENT BY 1
    NO MINVALUE
    NO MAXVALUE
    CACHE 1
);


--
-- Name: common_favorite; Type: TABLE; Schema: public; Owner: postgres-user
--

CREATE TABLE public.common_favorite (
    id bigint NOT NULL,
    destination_id bigint NOT NULL,
    user_id bigint NOT NULL
);


ALTER TABLE public.common_favorite OWNER TO "postgres-user";

--
-- Name: common_favorite_id_seq; Type: SEQUENCE; Schema: public; Owner: postgres-user
--

ALTER TABLE public.common_favorite ALTER COLUMN id ADD GENERATED BY DEFAULT AS IDENTITY (
    SEQUENCE NAME public.common_favorite_id_seq
    START WITH 1
    INCREMENT BY 1
    NO MINVALUE
    NO MAXVALUE
    CACHE 1
);


--
-- Name: common_like; Type: TABLE; Schema: public; Owner: postgres-user
--

CREATE TABLE public.common_like (
    id bigint NOT NULL,
    destination_id bigint NOT NULL,
    user_id bigint NOT NULL
);


ALTER TABLE public.common_like OWNER TO "postgres-user";

--
-- Name: common_like_id_seq; Type: SEQUENCE; Schema: public; Owner: postgres-user
--

ALTER TABLE public.common_like ALTER COLUMN id ADD GENERATED BY DEFAULT AS IDENTITY (
    SEQUENCE NAME public.common_like_id_seq
    START WITH 1
    INCREMENT BY 1
    NO MINVALUE
    NO MAXVALUE
    CACHE 1
);


--
-- Name: destinations_destination; Type: TABLE; Schema: public; Owner: postgres-user
--

CREATE TABLE public.destinations_destination (
    id bigint NOT NULL,
    name character varying(100) NOT NULL,
    location character varying(100) NOT NULL,
    description text NOT NULL,
    image character varying(200) NOT NULL,
    created_at timestamp with time zone NOT NULL,
    updated_at timestamp with time zone NOT NULL,
    creator_id bigint NOT NULL
);


ALTER TABLE public.destinations_destination OWNER TO "postgres-user";

--
-- Name: destinations_destination_id_seq; Type: SEQUENCE; Schema: public; Owner: postgres-user
--

ALTER TABLE public.destinations_destination ALTER COLUMN id ADD GENERATED BY DEFAULT AS IDENTITY (
    SEQUENCE NAME public.destinations_destination_id_seq
    START WITH 1
    INCREMENT BY 1
    NO MINVALUE
    NO MAXVALUE
    CACHE 1
);


--
-- Name: django_admin_log; Type: TABLE; Schema: public; Owner: postgres-user
--

CREATE TABLE public.django_admin_log (
    id integer NOT NULL,
    action_time timestamp with time zone NOT NULL,
    object_id text,
    object_repr character varying(200) NOT NULL,
    action_flag smallint NOT NULL,
    change_message text NOT NULL,
    content_type_id integer,
    user_id bigint NOT NULL,
    CONSTRAINT django_admin_log_action_flag_check CHECK ((action_flag >= 0))
);


ALTER TABLE public.django_admin_log OWNER TO "postgres-user";

--
-- Name: django_admin_log_id_seq; Type: SEQUENCE; Schema: public; Owner: postgres-user
--

ALTER TABLE public.django_admin_log ALTER COLUMN id ADD GENERATED BY DEFAULT AS IDENTITY (
    SEQUENCE NAME public.django_admin_log_id_seq
    START WITH 1
    INCREMENT BY 1
    NO MINVALUE
    NO MAXVALUE
    CACHE 1
);


--
-- Name: django_content_type; Type: TABLE; Schema: public; Owner: postgres-user
--

CREATE TABLE public.django_content_type (
    id integer NOT NULL,
    app_label character varying(100) NOT NULL,
    model character varying(100) NOT NULL
);


ALTER TABLE public.django_content_type OWNER TO "postgres-user";

--
-- Name: django_content_type_id_seq; Type: SEQUENCE; Schema: public; Owner: postgres-user
--

ALTER TABLE public.django_content_type ALTER COLUMN id ADD GENERATED BY DEFAULT AS IDENTITY (
    SEQUENCE NAME public.django_content_type_id_seq
    START WITH 1
    INCREMENT BY 1
    NO MINVALUE
    NO MAXVALUE
    CACHE 1
);


--
-- Name: django_migrations; Type: TABLE; Schema: public; Owner: postgres-user
--

CREATE TABLE public.django_migrations (
    id bigint NOT NULL,
    app character varying(255) NOT NULL,
    name character varying(255) NOT NULL,
    applied timestamp with time zone NOT NULL
);


ALTER TABLE public.django_migrations OWNER TO "postgres-user";

--
-- Name: django_migrations_id_seq; Type: SEQUENCE; Schema: public; Owner: postgres-user
--

ALTER TABLE public.django_migrations ALTER COLUMN id ADD GENERATED BY DEFAULT AS IDENTITY (
    SEQUENCE NAME public.django_migrations_id_seq
    START WITH 1
    INCREMENT BY 1
    NO MINVALUE
    NO MAXVALUE
    CACHE 1
);


--
-- Name: django_session; Type: TABLE; Schema: public; Owner: postgres-user
--

CREATE TABLE public.django_session (
    session_key character varying(40) NOT NULL,
    session_data text NOT NULL,
    expire_date timestamp with time zone NOT NULL
);


ALTER TABLE public.django_session OWNER TO "postgres-user";

--
-- Name: explore_attraction; Type: TABLE; Schema: public; Owner: postgres-user
--

CREATE TABLE public.explore_attraction (
    id bigint NOT NULL,
    name character varying(100) NOT NULL,
    price double precision NOT NULL,
    description text NOT NULL,
    destination_id bigint NOT NULL,
    image character varying(100) NOT NULL
);


ALTER TABLE public.explore_attraction OWNER TO "postgres-user";

--
-- Name: explore_attraction_id_seq; Type: SEQUENCE; Schema: public; Owner: postgres-user
--

ALTER TABLE public.explore_attraction ALTER COLUMN id ADD GENERATED BY DEFAULT AS IDENTITY (
    SEQUENCE NAME public.explore_attraction_id_seq
    START WITH 1
    INCREMENT BY 1
    NO MINVALUE
    NO MAXVALUE
    CACHE 1
);


--
-- Name: explore_continent; Type: TABLE; Schema: public; Owner: postgres-user
--

CREATE TABLE public.explore_continent (
    id bigint NOT NULL,
    name character varying(100) NOT NULL
);


ALTER TABLE public.explore_continent OWNER TO "postgres-user";

--
-- Name: explore_continent_id_seq; Type: SEQUENCE; Schema: public; Owner: postgres-user
--

ALTER TABLE public.explore_continent ALTER COLUMN id ADD GENERATED BY DEFAULT AS IDENTITY (
    SEQUENCE NAME public.explore_continent_id_seq
    START WITH 1
    INCREMENT BY 1
    NO MINVALUE
    NO MAXVALUE
    CACHE 1
);


--
-- Name: explore_exploredestination; Type: TABLE; Schema: public; Owner: postgres-user
--

CREATE TABLE public.explore_exploredestination (
    id bigint NOT NULL,
    name character varying(100) NOT NULL,
    continent_id bigint NOT NULL,
    image character varying(100) NOT NULL
);


ALTER TABLE public.explore_exploredestination OWNER TO "postgres-user";

--
-- Name: explore_exploredestination_id_seq; Type: SEQUENCE; Schema: public; Owner: postgres-user
--

ALTER TABLE public.explore_exploredestination ALTER COLUMN id ADD GENERATED BY DEFAULT AS IDENTITY (
    SEQUENCE NAME public.explore_exploredestination_id_seq
    START WITH 1
    INCREMENT BY 1
    NO MINVALUE
    NO MAXVALUE
    CACHE 1
);


--
-- Name: profiles_customuser; Type: TABLE; Schema: public; Owner: postgres-user
--

CREATE TABLE public.profiles_customuser (
    id bigint NOT NULL,
    password character varying(128) NOT NULL,
    last_login timestamp with time zone,
    username character varying(150) NOT NULL,
    email character varying(254) NOT NULL,
    is_active boolean NOT NULL,
    is_staff boolean NOT NULL,
    is_superuser boolean NOT NULL
);


ALTER TABLE public.profiles_customuser OWNER TO "postgres-user";

--
-- Name: profiles_customuser_groups; Type: TABLE; Schema: public; Owner: postgres-user
--

CREATE TABLE public.profiles_customuser_groups (
    id bigint NOT NULL,
    customuser_id bigint NOT NULL,
    group_id integer NOT NULL
);


ALTER TABLE public.profiles_customuser_groups OWNER TO "postgres-user";

--
-- Name: profiles_customuser_groups_id_seq; Type: SEQUENCE; Schema: public; Owner: postgres-user
--

ALTER TABLE public.profiles_customuser_groups ALTER COLUMN id ADD GENERATED BY DEFAULT AS IDENTITY (
    SEQUENCE NAME public.profiles_customuser_groups_id_seq
    START WITH 1
    INCREMENT BY 1
    NO MINVALUE
    NO MAXVALUE
    CACHE 1
);


--
-- Name: profiles_customuser_id_seq; Type: SEQUENCE; Schema: public; Owner: postgres-user
--

ALTER TABLE public.profiles_customuser ALTER COLUMN id ADD GENERATED BY DEFAULT AS IDENTITY (
    SEQUENCE NAME public.profiles_customuser_id_seq
    START WITH 1
    INCREMENT BY 1
    NO MINVALUE
    NO MAXVALUE
    CACHE 1
);


--
-- Name: profiles_customuser_user_permissions; Type: TABLE; Schema: public; Owner: postgres-user
--

CREATE TABLE public.profiles_customuser_user_permissions (
    id bigint NOT NULL,
    customuser_id bigint NOT NULL,
    permission_id integer NOT NULL
);


ALTER TABLE public.profiles_customuser_user_permissions OWNER TO "postgres-user";

--
-- Name: profiles_customuser_user_permissions_id_seq; Type: SEQUENCE; Schema: public; Owner: postgres-user
--

ALTER TABLE public.profiles_customuser_user_permissions ALTER COLUMN id ADD GENERATED BY DEFAULT AS IDENTITY (
    SEQUENCE NAME public.profiles_customuser_user_permissions_id_seq
    START WITH 1
    INCREMENT BY 1
    NO MINVALUE
    NO MAXVALUE
    CACHE 1
);


--
-- Name: profiles_profilemodel; Type: TABLE; Schema: public; Owner: postgres-user
--

CREATE TABLE public.profiles_profilemodel (
    id bigint NOT NULL,
    first_name character varying(34),
    last_name character varying(34),
    age integer,
    gender character varying,
    image character varying(100),
    profile_id bigint NOT NULL,
    CONSTRAINT profiles_profilemodel_age_check CHECK ((age >= 0))
);


ALTER TABLE public.profiles_profilemodel OWNER TO "postgres-user";

--
-- Name: profiles_profilemodel_id_seq; Type: SEQUENCE; Schema: public; Owner: postgres-user
--

ALTER TABLE public.profiles_profilemodel ALTER COLUMN id ADD GENERATED BY DEFAULT AS IDENTITY (
    SEQUENCE NAME public.profiles_profilemodel_id_seq
    START WITH 1
    INCREMENT BY 1
    NO MINVALUE
    NO MAXVALUE
    CACHE 1
);


--
-- Data for Name: auth_group; Type: TABLE DATA; Schema: public; Owner: postgres-user
--

COPY public.auth_group (id, name) FROM stdin;
4	Members
2	Administrators
3	Staff
\.


--
-- Data for Name: auth_group_permissions; Type: TABLE DATA; Schema: public; Owner: postgres-user
--

COPY public.auth_group_permissions (id, group_id, permission_id) FROM stdin;
45	2	1
46	2	2
47	2	3
48	2	4
49	2	5
50	2	6
51	2	7
52	2	8
53	2	9
54	2	10
55	2	11
56	2	12
57	2	13
58	2	14
59	2	15
60	2	16
61	2	17
62	2	18
63	2	19
64	2	20
65	2	21
66	2	22
67	2	23
68	2	24
69	2	25
70	2	26
71	2	27
72	2	28
73	2	29
74	2	30
75	2	31
76	2	32
77	2	33
78	2	34
79	2	35
80	2	36
81	2	37
82	2	38
83	2	39
84	2	40
85	2	41
86	2	42
87	2	43
88	2	44
89	3	8
90	3	40
91	3	12
92	3	44
93	3	16
94	3	20
95	3	23
96	3	24
97	3	25
98	3	26
99	3	28
\.


--
-- Data for Name: auth_permission; Type: TABLE DATA; Schema: public; Owner: postgres-user
--

COPY public.auth_permission (id, name, content_type_id, codename) FROM stdin;
1	Can add log entry	1	add_logentry
2	Can change log entry	1	change_logentry
3	Can delete log entry	1	delete_logentry
4	Can view log entry	1	view_logentry
5	Can add permission	2	add_permission
6	Can change permission	2	change_permission
7	Can delete permission	2	delete_permission
8	Can view permission	2	view_permission
9	Can add group	3	add_group
10	Can change group	3	change_group
11	Can delete group	3	delete_group
12	Can view group	3	view_group
13	Can add content type	4	add_contenttype
14	Can change content type	4	change_contenttype
15	Can delete content type	4	delete_contenttype
16	Can view content type	4	view_contenttype
17	Can add session	5	add_session
18	Can change session	5	change_session
19	Can delete session	5	delete_session
20	Can view session	5	view_session
21	Can add comment	6	add_comment
22	Can change comment	6	change_comment
23	Can delete comment	6	delete_comment
24	Can view comment	6	view_comment
25	Can add destination	7	add_destination
26	Can change destination	7	change_destination
27	Can delete destination	7	delete_destination
28	Can view destination	7	view_destination
29	Can add custom user	8	add_customuser
30	Can change custom user	8	change_customuser
31	Can delete custom user	8	delete_customuser
32	Can view custom user	8	view_customuser
33	Can add profile model	9	add_profilemodel
34	Can change profile model	9	change_profilemodel
35	Can delete profile model	9	delete_profilemodel
36	Can view profile model	9	view_profilemodel
37	Can add favorite	10	add_favorite
38	Can change favorite	10	change_favorite
39	Can delete favorite	10	delete_favorite
40	Can view favorite	10	view_favorite
41	Can add like	11	add_like
42	Can change like	11	change_like
43	Can delete like	11	delete_like
44	Can view like	11	view_like
45	Can add attraction	12	add_attraction
46	Can change attraction	12	change_attraction
47	Can delete attraction	12	delete_attraction
48	Can view attraction	12	view_attraction
49	Can add continent	13	add_continent
50	Can change continent	13	change_continent
51	Can delete continent	13	delete_continent
52	Can view continent	13	view_continent
53	Can add explore destination	14	add_exploredestination
54	Can change explore destination	14	change_exploredestination
55	Can delete explore destination	14	delete_exploredestination
56	Can view explore destination	14	view_exploredestination
\.


--
-- Data for Name: common_comment; Type: TABLE DATA; Schema: public; Owner: postgres-user
--

COPY public.common_comment (id, content, created_date, author_id, destination_id) FROM stdin;
26	auuuuu cool	2023-07-12 20:02:33.265999+00	5	32
29	LOL	2023-07-22 10:53:18.28588+00	5	31
27	test	2023-07-14 14:26:09.652902+00	5	31
\.


--
-- Data for Name: common_favorite; Type: TABLE DATA; Schema: public; Owner: postgres-user
--

COPY public.common_favorite (id, destination_id, user_id) FROM stdin;
25	31	9
27	33	9
28	31	5
29	32	5
\.


--
-- Data for Name: common_like; Type: TABLE DATA; Schema: public; Owner: postgres-user
--

COPY public.common_like (id, destination_id, user_id) FROM stdin;
63	31	9
16	31	5
\.


--
-- Data for Name: destinations_destination; Type: TABLE DATA; Schema: public; Owner: postgres-user
--

COPY public.destinations_destination (id, name, location, description, image, created_at, updated_at, creator_id) FROM stdin;
32	Punta Cana	Dominicana	Nice beach	https://www.riu.com/blog/wp-content/uploads/2018/07/shutterstock_310904339.jpg	2023-07-12 19:12:43.812877+00	2023-07-25 05:38:42.853185+00	5
33	Paris	France	Paris, France's capital, is a major European city and a global center for art, fashion, gastronomy and culture. Its 19th-century cityscape is crisscrossed by wide boulevards and the River Seine. Beyond such landmarks as the Eiffel Tower and the 12th-century, Gothic Notre-Dame cathedral, the city is known for its cafe culture and designer boutiques along the Rue du Faubourg Saint-Honoré.	https://images.adsttc.com/media/images/5d44/14fa/284d/d1fd/3a00/003d/large_jpg/eiffel-tower-in-paris-151-medium.jpg?1564742900	2023-07-13 09:03:13.511457+00	2023-07-25 05:38:52.356492+00	5
31	Varna	Bulgaria	Varna is a port city and seaside resort on Bulgaria's Black Sea, next to the coastal resorts of Golden Sands, St. Konstantin and Albena. It's famous for the "Gold of Varna," 6,000-year-old Thracian jewelry discovered in a necropolis, which is displayed inside the Archaeological Museum, along with Greek, Roman and Ottoman antiquities. A bar-lined waterfront promenade fronts 19th-century Primorski Park.	https://bulgariatravel.org/wp-content/uploads/2020/imported/205_1.jpg	2023-07-12 18:55:43.563414+00	2023-07-30 05:25:18.389056+00	5
\.


--
-- Data for Name: django_admin_log; Type: TABLE DATA; Schema: public; Owner: postgres-user
--

COPY public.django_admin_log (id, action_time, object_id, object_repr, action_flag, change_message, content_type_id, user_id) FROM stdin;
72	2023-07-28 09:53:51.580671+00	12	Admission to the Tower Bridge Exhibition	1	[{"added": {}}]	12	9
73	2023-07-28 10:16:37.091117+00	13	London Hop-on, Hop-off Bus Tour	1	[{"added": {}}]	12	9
74	2023-07-28 11:29:48.427814+00	14	Giza Pyramids, Sphinx, Saqqara and Dahshūr Tour	1	[{"added": {}}]	12	9
75	2023-07-28 11:34:20.616162+00	15	Monserrate Cable Car or Funicular Ticket	1	[{"added": {}}]	12	9
76	2023-07-28 11:39:39.104002+00	16	Art Aquarium Museum Tour	1	[{"added": {}}]	12	9
77	2023-07-28 15:29:22.327236+00	17	Teotihuacan Pyramids & Basilica of Guadalupe Tour	1	[{"added": {}}]	12	9
78	2023-07-28 15:31:43.292385+00	18	Admission to Hong Kong Disneyland	1	[{"added": {}}]	12	9
79	2023-07-28 15:34:44.197056+00	19	Chao Phraya River Cruise	1	[{"added": {}}]	12	9
80	2023-07-28 15:37:16.796012+00	20	Tangier Day Tour by High-speed Train from Casablanca	1	[{"added": {}}]	12	9
81	2023-07-28 15:39:38.365732+00	21	Full-day Cape Peninsula and Penguin Colony Tour	1	[{"added": {}}]	12	9
82	2023-07-29 14:26:19.279496+00	22	Sydney Harbour Whale-watching Cruise	1	[{"added": {}}]	12	9
83	2023-07-29 14:38:41.329222+00	4	Members	1	[{"added": {}}]	3	9
84	2023-07-29 14:39:01.443443+00	2	Administrators	2	[{"changed": {"fields": ["Name"]}}]	3	9
85	2023-07-29 14:39:39.891265+00	3	Staff	2	[{"changed": {"fields": ["Name"]}}]	3	9
86	2023-07-29 14:44:18.698137+00	23	Great Ocean Road Small-group Tour	1	[{"added": {}}]	12	9
87	2023-07-29 14:47:10.834975+00	24	Glenorchy Lord of The Rings Tour	1	[{"added": {}}]	12	9
88	2023-07-29 14:49:54.705241+00	25	Gold Coast Whale-watching Tour	1	[{"added": {}}]	12	9
89	2023-07-29 14:51:43.098991+00	26	Museum of the Future	1	[{"added": {}}]	12	9
90	2023-07-29 14:53:26.51145+00	27	Dubai Fountain Show & Burj Khalifa Lake Boat Ride	1	[{"added": {}}]	12	9
91	2023-07-29 14:55:19.205316+00	28	Nazareth, Tiberias and the Sea of Galilee Tour	1	[{"added": {}}]	12	9
92	2023-07-29 14:57:33.902499+00	29	Jerusalem, Bethlehem and Dead Sea Tour	1	[{"added": {}}]	12	9
93	2023-07-29 14:59:21.763268+00	30	Christ the Redeemer Skip-the-Line Admission	1	[{"added": {}}]	12	9
94	2023-07-29 15:01:15.464321+00	31	Half-day City Tour	1	[{"added": {}}]	12	9
95	2023-07-29 15:03:31.798503+00	32	Cajón del Maipo Full-day Tour and Picnic	1	[{"added": {}}]	12	9
96	2023-07-29 17:45:45.296435+00	33	Saona Island Day Tour with Lunch and Open Bar	1	[{"added": {}}]	12	9
97	2023-07-29 17:47:43.985531+00	34	Kingston Harbour and Port Royal Cruises	1	[{"added": {}}]	12	9
\.


--
-- Data for Name: django_content_type; Type: TABLE DATA; Schema: public; Owner: postgres-user
--

COPY public.django_content_type (id, app_label, model) FROM stdin;
1	admin	logentry
2	auth	permission
3	auth	group
4	contenttypes	contenttype
5	sessions	session
6	common	comment
7	destinations	destination
8	profiles	customuser
9	profiles	profilemodel
10	common	favorite
11	common	like
12	explore	attraction
13	explore	continent
14	explore	exploredestination
\.


--
-- Data for Name: django_migrations; Type: TABLE DATA; Schema: public; Owner: postgres-user
--

COPY public.django_migrations (id, app, name, applied) FROM stdin;
1	contenttypes	0001_initial	2023-07-07 10:45:50.677496+00
2	contenttypes	0002_remove_content_type_name	2023-07-07 10:45:50.702537+00
3	auth	0001_initial	2023-07-07 10:45:50.80571+00
4	auth	0002_alter_permission_name_max_length	2023-07-07 10:45:50.820819+00
5	auth	0003_alter_user_email_max_length	2023-07-07 10:45:50.838731+00
6	auth	0004_alter_user_username_opts	2023-07-07 10:45:50.854777+00
7	auth	0005_alter_user_last_login_null	2023-07-07 10:45:50.870044+00
8	auth	0006_require_contenttypes_0002	2023-07-07 10:45:50.881845+00
9	auth	0007_alter_validators_add_error_messages	2023-07-07 10:45:50.897779+00
10	auth	0008_alter_user_username_max_length	2023-07-07 10:45:50.913779+00
11	auth	0009_alter_user_last_name_max_length	2023-07-07 10:45:50.929081+00
12	auth	0010_alter_group_name_max_length	2023-07-07 10:45:50.950101+00
13	auth	0011_update_proxy_permissions	2023-07-07 10:45:50.966155+00
14	auth	0012_alter_user_first_name_max_length	2023-07-07 10:45:50.982839+00
15	profiles	0001_initial	2023-07-07 10:45:51.134721+00
16	admin	0001_initial	2023-07-07 10:45:51.193309+00
17	admin	0002_logentry_remove_auto_add	2023-07-07 10:45:51.213434+00
18	admin	0003_logentry_add_action_flag_choices	2023-07-07 10:45:51.233696+00
19	destinations	0001_initial	2023-07-07 10:45:51.259361+00
20	common	0001_initial	2023-07-07 10:45:51.287416+00
21	common	0002_initial	2023-07-07 10:45:51.342382+00
22	destinations	0002_initial	2023-07-07 10:45:51.37661+00
23	sessions	0001_initial	2023-07-07 10:45:51.415665+00
24	common	0003_favorite	2023-07-07 13:55:38.721513+00
25	common	0004_like	2023-07-07 15:02:32.66466+00
26	destinations	0003_alter_destination_image_alter_destination_price	2023-07-22 11:09:54.685308+00
27	profiles	0002_alter_profilemodel_image	2023-07-22 11:09:54.760715+00
28	profiles	0003_alter_profilemodel_image	2023-07-22 12:56:31.140932+00
29	destinations	0004_remove_destination_price	2023-07-25 05:32:34.122688+00
30	destinations	0005_alter_destination_hotel	2023-07-25 05:48:47.787508+00
31	destinations	0006_remove_destination_hotel	2023-07-25 05:49:21.770452+00
32	explore	0001_initial	2023-07-25 10:36:28.428251+00
33	explore	0002_exploredestination_image	2023-07-25 14:41:37.280605+00
34	explore	0003_attraction_image	2023-07-26 12:49:40.482428+00
\.


--
-- Data for Name: django_session; Type: TABLE DATA; Schema: public; Owner: postgres-user
--

COPY public.django_session (session_key, session_data, expire_date) FROM stdin;
gt1lhj5me57godu9dom44a9k6wb5o9fj	.eJxVjEEOwiAQRe_C2hAqdAZcuu8ZCAODVA0kpV0Z765NutDtf-_9l_BhW4vfOi9-TuIitDj9bhTig-sO0j3UW5Ox1XWZSe6KPGiXU0v8vB7u30EJvXxrRUCWKeiB9JiV0VYTa3sOQKCQAdAMwA6d4oyO7YhgMGYAaxAxOfH-ANUuNxI:1qKJk3:hjH8sVQjltmEmG-lid8L0cCR5Dmok6XwykQeYH_WMi4	2023-07-28 14:25:55.232822+00
8msywtx85u35tr8kr2fy9ie96t3frtu1	.eJxVjDsOwjAQBe_iGlnEsR0vJX3OEK33gwPIkfKpEHeHSCmgfTPzXmbAbS3Dtsg8jGwuBszpd8tID6k74DvW22Rpqus8Zrsr9qCL7SeW5_Vw_w4KLuVbn6nTFEAbEY4uheCoUa8OkAGci76VgEC5SxiUvUbPEahlVUpIWcz7A_HSOO4:1qOw9t:w1Ed8Kesj01IODRVo2W7ZatqJC5mx0gKvMHAIKSre_s	2023-08-10 08:15:41.888838+00
52qb7syleku1ooleovukulccpbdtk512	.eJxVjEEOwiAQRe_C2hAqdAZcuu8ZCAODVA0kpV0Z765NutDtf-_9l_BhW4vfOi9-TuIitDj9bhTig-sO0j3UW5Ox1XWZSe6KPGiXU0v8vB7u30EJvXxrRUCWKeiB9JiV0VYTa3sOQKCQAdAMwA6d4oyO7YhgMGYAaxAxOfH-ANUuNxI:1qLji6:giWeAnZtWnj7EwWc18-PVvorDMvNdMmgLSnFhDrB0d4	2023-08-01 12:21:46.648348+00
1pxrl8c6fzwggympv2juij4jln3op1ec	.eJxVjMsOwiAQRf-FtSG8GVy69xsIA4xUDU1KuzL-uzbpQrf3nHNfLKZtbXEbdYlTYWdm2el3w5Qfte-g3FO_zTzPfV0m5LvCDzr4dS71eTncv4OWRvvW2SpIhayTQRZCyt4AgAadtEcUNaADGTS5rLwkhcJ4a5C0IiUkisLeH-Z_N6c:1qPyJD:6UKjmDm6aSfi8_AdGZITUV_hJD24JDsjEDszd6IVmNI	2023-08-13 04:45:35.023851+00
\.


--
-- Data for Name: explore_attraction; Type: TABLE DATA; Schema: public; Owner: postgres-user
--

COPY public.explore_attraction (id, name, price, description, destination_id, image) FROM stdin;
3	Colosseum, Roman Forum and Palatine Hill	33.9	Admission to three iconic, ancient landmarks and an audio guide covering all the sites	32	attraction_images/colosseum_rome.jpg
2	Dinner Cruise on the Bosphorus with a Live Show	35	A dinner cruise that features performances by Turkish artists	4	attraction_images/dinner_cruise_istanbul.jpg
1	Admission to the London Eye	39.3	A 30-minute ride on the London Eye to see the city's most famous landmarks	1	attraction_images/london_eye.jpg
4	Burano and Murano Boat Tour	25	A four-hour morning boat trip with lace-making and glass-blowing demonstrations	6	attraction_images/burano_and_morano_venice.jpg
5	Park Guell Admission Ticket	13.5	A ticket to see the Gaudí-designed park	5	attraction_images/park_guell_barcelona.jpg
6	SUMMIT One Vanderbilt Tickets	47.03	Digital art installations and views of New York from a skyscraper terrace	2	attraction_images/summit_new_york.jpg
7	Las Vegas Strip Helicopter Ride at Night	107.08	A night-time helicopter ride to discover the city lights of Las Vegas	7	attraction_images/helicopter_ride_las_vegas.jpg
8	Millionaire's Row Boat Cruise	26.99	A round-trip, 90-minute cruise along Miami's Biscayne Bay to Millionaire's Row	27	attraction_images/milionaires_row_boat_miami.jpg
9	Admission to Petronas Twin Towers	25.27	A ticket to the world's tallest twin structures	3	attraction_images/petronas_twin_towers_koala_lampur.jpg
10	Day-trip to Visit the High Atlas and Desert Agafay	20.44	Guided tour of mountain valleys, Berber villages and rolling deserts with a camel ride	8	attraction_images/desert_marrakech.jpg
11	Panama Canal & City Tour	60.17	A tour of the Panama canal, the city and the Miraflores locks	13	attraction_images/panama_canal.jpg
12	Admission to the Tower Bridge Exhibition	14.22	A visit to one of the most famous sights in London	1	attraction_images/tower_bridge_london.jpg
13	London Hop-on, Hop-off Bus Tour	39.3	An open-top bus tour to explore the capital's highlights	1	attraction_images/bus_tour_london.jpg
14	Giza Pyramids, Sphinx, Saqqara and Dahshūr Tour	39.32	A full-day tour to visit the famous pyramids and learn about Egypt’s architecture	14	attraction_images/giza_pyramids_egypt.jpg
15	Monserrate Cable Car or Funicular Ticket	3.65	A trip up Mount Monserrate with panoramic views of the natural landscape	21	attraction_images/monseratte_bogota.jpg
16	Art Aquarium Museum Tour	14.81	A ticket to view unique art installations and illuminated goldfish tanks	15	attraction_images/art_aquarium_tokyo.jpg
17	Teotihuacan Pyramids & Basilica of Guadalupe Tour	36.79	A guided journey to a UNESCO-listed archaeological complex and the National Shrine of Mexico	28	attraction_images/pyramids_mexico_city.jpg
18	Admission to Hong Kong Disneyland	78	A one-day ticket to explore the famous amusement park featuring seven themed areas	16	attraction_images/disneyland_hong_kong.jpg
19	Chao Phraya River Cruise	25.15	A scenic voyage through the city with live entertainment and a buffet dinner	17	attraction_images/chay_prahya_bangkok.jpg
20	Tangier Day Tour by High-speed Train from Casablanca	129	A full-day tour of Tangier with a local guide, departing from Casablanca	29	attraction_images/high_speed_train_casablanca.jpg
21	Full-day Cape Peninsula and Penguin Colony Tour	81.65	A tour to explore the Cape Peninsula and admire the natural landscape	30	attraction_images/penguin_colony_tour_cape_town.jpg
22	Sydney Harbour Whale-watching Cruise	42.11	A two-hour adventure looking out for whales in the waters around Sydney	9	attraction_images/whale_watching_cruise_sydney.jpg
23	Great Ocean Road Small-group Tour	82.38	A guided tour along one of Australia's greatest coastal roads	24	attraction_images/ocean_road_melborn.jpg
24	Glenorchy Lord of The Rings Tour	136.89	A guided tour of filming locations from The Lord of the Rings	25	attraction_images/lord_of_the_rings_tour_queenstown.jpg
25	Gold Coast Whale-watching Tour	45.16	Incredible views of migrating humpback whales from a custom-built catamaran	26	attraction_images/gold_cost_whale_watching.jpg
26	Museum of the Future	36.79	Admission to an immersive museum exploring numerous facets of humanity's future	18	attraction_images/musei_of_the_future_abu_dhabi.jpg
27	Dubai Fountain Show & Burj Khalifa Lake Boat Ride	18.01	A cruise on the Burj Khalifa's lake during the Dubai Fountain show	10	attraction_images/dubai_fontain_show.jpg
28	Nazareth, Tiberias and the Sea of Galilee Tour	90.38	A full-day tour to visit holy sites associated with Jesus and religion	19	attraction_images/nazaret_yerosalim.jpg
29	Jerusalem, Bethlehem and Dead Sea Tour	98.52	A day tour to explore Jerusalem, Bethlehem and the Dead Sea	20	attraction_images/jerysalem_tel_aviv.jpg
30	Christ the Redeemer Skip-the-Line Admission	30.52	A chance to visit Brazil's most iconic landmark without waiting in long lines	11	attraction_images/christ_de_radeemer_rio_de_jenairo.jpg
31	Half-day City Tour	58.23	Sao Paulo's most famous locales, historic monuments and a look at local life	22	attraction_images/half_day_city_tour_sao_paolo.jpg
32	Cajón del Maipo Full-day Tour and Picnic	32.45	A guided tour to see the famous Cajón del Maipo canyon in Andes Mountains	23	attraction_images/cajon_santiago.jpg
33	Saona Island Day Tour with Lunch and Open Bar	67.79	A speedboat tour to the idyllic Soana Island to relax and unwind for the whole day	12	attraction_images/saona_island_punta_cana.jpg
34	Kingston Harbour and Port Royal Cruises	43.38	Kingston Harbour and Port Royal catamaran cruises with included food and drinks	31	attraction_images/royal_cruise_kingston.jpg
\.


--
-- Data for Name: explore_continent; Type: TABLE DATA; Schema: public; Owner: postgres-user
--

COPY public.explore_continent (id, name) FROM stdin;
1	Europe
2	North America
3	Asia
4	Africa
5	Oceania
6	Middle East
7	South America
8	Caribbean
9	Central America
\.


--
-- Data for Name: explore_exploredestination; Type: TABLE DATA; Schema: public; Owner: postgres-user
--

COPY public.explore_exploredestination (id, name, continent_id, image) FROM stdin;
1	London	1	explore/london.jpg
4	Istanbul	1	explore/istanbul.jpg
5	Barcelona	1	explore/barcelona.jpg
6	Venice	1	explore/venice.jpg
3	Kuala Lampur	3	explore/kuala-lampur.jpg
2	New York	2	explore/new-york.jpg
7	Las Vegas	2	explore/las-vegas.jpg
8	Marrakech	4	explore/marrakech.jpg
9	Sydney	5	explore/sydney.jpg
10	Dubai	6	explore/dubai.jpg
11	Rio de Janairo	7	explore/rio-de-janeiro.jpg
12	Punta Cana	8	explore/punta-cana.jpg
13	Panama City	9	explore/panama-city.jpg
14	Cairo	4	explore/cairo.jpg
15	Tokyo	3	explore/tokyo.jpg
16	Hong Kong	3	explore/hong-kong.jpg
17	Bangkok	3	explore/bangkok.jpg
18	Abu Dhabi	6	explore/abu-dhabi.jpg
19	Jerusalem	6	explore/jerusalem.jpg
20	Tel Aviv	6	explore/tel-aviv.jpg
21	Bogota	7	explore/bogota.jpg
22	Sao Paulo	7	explore/sao-paulo.jpg
23	Santiago	7	explore/santiago.jpg
24	Melbourne	5	explore/melbourne.jpg
25	Queenstown	5	explore/queenstown.jpg
26	Gold Coast	5	explore/gold-coast.jpg
27	Miami	2	explore/miami.jpg
28	Mexico City	2	explore/mexico-city.jpg
29	Casablanca	4	explore/casablanca.jpg
30	Cape Town	4	explore/cape-town.jpg
31	Kingston	8	explore/kingston.jpg
32	Rome	1	explore/rome.jpg
\.


--
-- Data for Name: profiles_customuser; Type: TABLE DATA; Schema: public; Owner: postgres-user
--

COPY public.profiles_customuser (id, password, last_login, username, email, is_active, is_staff, is_superuser) FROM stdin;
9	pbkdf2_sha256$600000$3IALZQTTCqk9z5IGuq0fr2$3QNUV7GoXAypFd0Os7nfIhdamzwMvk4/IgGI2yDmMEs=	2023-07-29 17:49:45.973596+00	galina		t	t	t
5	pbkdf2_sha256$600000$AGzP8vuo0cMK6KBCrOhpTl$lB835YEmcL2MSeeJN+lO5lAPT6aGqE51K81OoICTkH8=	2023-07-30 04:45:35.01319+00	galka	galka@abv.bg	t	f	f
\.


--
-- Data for Name: profiles_customuser_groups; Type: TABLE DATA; Schema: public; Owner: postgres-user
--

COPY public.profiles_customuser_groups (id, customuser_id, group_id) FROM stdin;
2	5	3
\.


--
-- Data for Name: profiles_customuser_user_permissions; Type: TABLE DATA; Schema: public; Owner: postgres-user
--

COPY public.profiles_customuser_user_permissions (id, customuser_id, permission_id) FROM stdin;
\.


--
-- Data for Name: profiles_profilemodel; Type: TABLE DATA; Schema: public; Owner: postgres-user
--

COPY public.profiles_profilemodel (id, first_name, last_name, age, gender, image, profile_id) FROM stdin;
9	\N	\N	\N	\N		9
5	Galina	Georgieva	32	Female	profile_pics/Mental-Strong-Women-min.jpg	5
\.


--
-- Name: auth_group_id_seq; Type: SEQUENCE SET; Schema: public; Owner: postgres-user
--

SELECT pg_catalog.setval('public.auth_group_id_seq', 4, true);


--
-- Name: auth_group_permissions_id_seq; Type: SEQUENCE SET; Schema: public; Owner: postgres-user
--

SELECT pg_catalog.setval('public.auth_group_permissions_id_seq', 99, true);


--
-- Name: auth_permission_id_seq; Type: SEQUENCE SET; Schema: public; Owner: postgres-user
--

SELECT pg_catalog.setval('public.auth_permission_id_seq', 56, true);


--
-- Name: common_comment_id_seq; Type: SEQUENCE SET; Schema: public; Owner: postgres-user
--

SELECT pg_catalog.setval('public.common_comment_id_seq', 41, true);


--
-- Name: common_favorite_id_seq; Type: SEQUENCE SET; Schema: public; Owner: postgres-user
--

SELECT pg_catalog.setval('public.common_favorite_id_seq', 29, true);


--
-- Name: common_like_id_seq; Type: SEQUENCE SET; Schema: public; Owner: postgres-user
--

SELECT pg_catalog.setval('public.common_like_id_seq', 63, true);


--
-- Name: destinations_destination_id_seq; Type: SEQUENCE SET; Schema: public; Owner: postgres-user
--

SELECT pg_catalog.setval('public.destinations_destination_id_seq', 33, true);


--
-- Name: django_admin_log_id_seq; Type: SEQUENCE SET; Schema: public; Owner: postgres-user
--

SELECT pg_catalog.setval('public.django_admin_log_id_seq', 97, true);


--
-- Name: django_content_type_id_seq; Type: SEQUENCE SET; Schema: public; Owner: postgres-user
--

SELECT pg_catalog.setval('public.django_content_type_id_seq', 14, true);


--
-- Name: django_migrations_id_seq; Type: SEQUENCE SET; Schema: public; Owner: postgres-user
--

SELECT pg_catalog.setval('public.django_migrations_id_seq', 34, true);


--
-- Name: explore_attraction_id_seq; Type: SEQUENCE SET; Schema: public; Owner: postgres-user
--

SELECT pg_catalog.setval('public.explore_attraction_id_seq', 34, true);


--
-- Name: explore_continent_id_seq; Type: SEQUENCE SET; Schema: public; Owner: postgres-user
--

SELECT pg_catalog.setval('public.explore_continent_id_seq', 9, true);


--
-- Name: explore_exploredestination_id_seq; Type: SEQUENCE SET; Schema: public; Owner: postgres-user
--

SELECT pg_catalog.setval('public.explore_exploredestination_id_seq', 32, true);


--
-- Name: profiles_customuser_groups_id_seq; Type: SEQUENCE SET; Schema: public; Owner: postgres-user
--

SELECT pg_catalog.setval('public.profiles_customuser_groups_id_seq', 2, true);


--
-- Name: profiles_customuser_id_seq; Type: SEQUENCE SET; Schema: public; Owner: postgres-user
--

SELECT pg_catalog.setval('public.profiles_customuser_id_seq', 11, true);


--
-- Name: profiles_customuser_user_permissions_id_seq; Type: SEQUENCE SET; Schema: public; Owner: postgres-user
--

SELECT pg_catalog.setval('public.profiles_customuser_user_permissions_id_seq', 1, false);


--
-- Name: profiles_profilemodel_id_seq; Type: SEQUENCE SET; Schema: public; Owner: postgres-user
--

SELECT pg_catalog.setval('public.profiles_profilemodel_id_seq', 11, true);


--
-- Name: auth_group auth_group_name_key; Type: CONSTRAINT; Schema: public; Owner: postgres-user
--

ALTER TABLE ONLY public.auth_group
    ADD CONSTRAINT auth_group_name_key UNIQUE (name);


--
-- Name: auth_group_permissions auth_group_permissions_group_id_permission_id_0cd325b0_uniq; Type: CONSTRAINT; Schema: public; Owner: postgres-user
--

ALTER TABLE ONLY public.auth_group_permissions
    ADD CONSTRAINT auth_group_permissions_group_id_permission_id_0cd325b0_uniq UNIQUE (group_id, permission_id);


--
-- Name: auth_group_permissions auth_group_permissions_pkey; Type: CONSTRAINT; Schema: public; Owner: postgres-user
--

ALTER TABLE ONLY public.auth_group_permissions
    ADD CONSTRAINT auth_group_permissions_pkey PRIMARY KEY (id);


--
-- Name: auth_group auth_group_pkey; Type: CONSTRAINT; Schema: public; Owner: postgres-user
--

ALTER TABLE ONLY public.auth_group
    ADD CONSTRAINT auth_group_pkey PRIMARY KEY (id);


--
-- Name: auth_permission auth_permission_content_type_id_codename_01ab375a_uniq; Type: CONSTRAINT; Schema: public; Owner: postgres-user
--

ALTER TABLE ONLY public.auth_permission
    ADD CONSTRAINT auth_permission_content_type_id_codename_01ab375a_uniq UNIQUE (content_type_id, codename);


--
-- Name: auth_permission auth_permission_pkey; Type: CONSTRAINT; Schema: public; Owner: postgres-user
--

ALTER TABLE ONLY public.auth_permission
    ADD CONSTRAINT auth_permission_pkey PRIMARY KEY (id);


--
-- Name: common_comment common_comment_pkey; Type: CONSTRAINT; Schema: public; Owner: postgres-user
--

ALTER TABLE ONLY public.common_comment
    ADD CONSTRAINT common_comment_pkey PRIMARY KEY (id);


--
-- Name: common_favorite common_favorite_pkey; Type: CONSTRAINT; Schema: public; Owner: postgres-user
--

ALTER TABLE ONLY public.common_favorite
    ADD CONSTRAINT common_favorite_pkey PRIMARY KEY (id);


--
-- Name: common_favorite common_favorite_user_id_destination_id_e4ff89ae_uniq; Type: CONSTRAINT; Schema: public; Owner: postgres-user
--

ALTER TABLE ONLY public.common_favorite
    ADD CONSTRAINT common_favorite_user_id_destination_id_e4ff89ae_uniq UNIQUE (user_id, destination_id);


--
-- Name: common_like common_like_pkey; Type: CONSTRAINT; Schema: public; Owner: postgres-user
--

ALTER TABLE ONLY public.common_like
    ADD CONSTRAINT common_like_pkey PRIMARY KEY (id);


--
-- Name: common_like common_like_user_id_destination_id_d0d01220_uniq; Type: CONSTRAINT; Schema: public; Owner: postgres-user
--

ALTER TABLE ONLY public.common_like
    ADD CONSTRAINT common_like_user_id_destination_id_d0d01220_uniq UNIQUE (user_id, destination_id);


--
-- Name: destinations_destination destinations_destination_pkey; Type: CONSTRAINT; Schema: public; Owner: postgres-user
--

ALTER TABLE ONLY public.destinations_destination
    ADD CONSTRAINT destinations_destination_pkey PRIMARY KEY (id);


--
-- Name: django_admin_log django_admin_log_pkey; Type: CONSTRAINT; Schema: public; Owner: postgres-user
--

ALTER TABLE ONLY public.django_admin_log
    ADD CONSTRAINT django_admin_log_pkey PRIMARY KEY (id);


--
-- Name: django_content_type django_content_type_app_label_model_76bd3d3b_uniq; Type: CONSTRAINT; Schema: public; Owner: postgres-user
--

ALTER TABLE ONLY public.django_content_type
    ADD CONSTRAINT django_content_type_app_label_model_76bd3d3b_uniq UNIQUE (app_label, model);


--
-- Name: django_content_type django_content_type_pkey; Type: CONSTRAINT; Schema: public; Owner: postgres-user
--

ALTER TABLE ONLY public.django_content_type
    ADD CONSTRAINT django_content_type_pkey PRIMARY KEY (id);


--
-- Name: django_migrations django_migrations_pkey; Type: CONSTRAINT; Schema: public; Owner: postgres-user
--

ALTER TABLE ONLY public.django_migrations
    ADD CONSTRAINT django_migrations_pkey PRIMARY KEY (id);


--
-- Name: django_session django_session_pkey; Type: CONSTRAINT; Schema: public; Owner: postgres-user
--

ALTER TABLE ONLY public.django_session
    ADD CONSTRAINT django_session_pkey PRIMARY KEY (session_key);


--
-- Name: explore_attraction explore_attraction_pkey; Type: CONSTRAINT; Schema: public; Owner: postgres-user
--

ALTER TABLE ONLY public.explore_attraction
    ADD CONSTRAINT explore_attraction_pkey PRIMARY KEY (id);


--
-- Name: explore_continent explore_continent_pkey; Type: CONSTRAINT; Schema: public; Owner: postgres-user
--

ALTER TABLE ONLY public.explore_continent
    ADD CONSTRAINT explore_continent_pkey PRIMARY KEY (id);


--
-- Name: explore_exploredestination explore_exploredestination_pkey; Type: CONSTRAINT; Schema: public; Owner: postgres-user
--

ALTER TABLE ONLY public.explore_exploredestination
    ADD CONSTRAINT explore_exploredestination_pkey PRIMARY KEY (id);


--
-- Name: profiles_customuser profiles_customuser_email_key; Type: CONSTRAINT; Schema: public; Owner: postgres-user
--

ALTER TABLE ONLY public.profiles_customuser
    ADD CONSTRAINT profiles_customuser_email_key UNIQUE (email);


--
-- Name: profiles_customuser_groups profiles_customuser_groups_customuser_id_group_id_220744dc_uniq; Type: CONSTRAINT; Schema: public; Owner: postgres-user
--

ALTER TABLE ONLY public.profiles_customuser_groups
    ADD CONSTRAINT profiles_customuser_groups_customuser_id_group_id_220744dc_uniq UNIQUE (customuser_id, group_id);


--
-- Name: profiles_customuser_groups profiles_customuser_groups_pkey; Type: CONSTRAINT; Schema: public; Owner: postgres-user
--

ALTER TABLE ONLY public.profiles_customuser_groups
    ADD CONSTRAINT profiles_customuser_groups_pkey PRIMARY KEY (id);


--
-- Name: profiles_customuser profiles_customuser_pkey; Type: CONSTRAINT; Schema: public; Owner: postgres-user
--

ALTER TABLE ONLY public.profiles_customuser
    ADD CONSTRAINT profiles_customuser_pkey PRIMARY KEY (id);


--
-- Name: profiles_customuser_user_permissions profiles_customuser_user_customuser_id_permission_8b97c241_uniq; Type: CONSTRAINT; Schema: public; Owner: postgres-user
--

ALTER TABLE ONLY public.profiles_customuser_user_permissions
    ADD CONSTRAINT profiles_customuser_user_customuser_id_permission_8b97c241_uniq UNIQUE (customuser_id, permission_id);


--
-- Name: profiles_customuser_user_permissions profiles_customuser_user_permissions_pkey; Type: CONSTRAINT; Schema: public; Owner: postgres-user
--

ALTER TABLE ONLY public.profiles_customuser_user_permissions
    ADD CONSTRAINT profiles_customuser_user_permissions_pkey PRIMARY KEY (id);


--
-- Name: profiles_customuser profiles_customuser_username_key; Type: CONSTRAINT; Schema: public; Owner: postgres-user
--

ALTER TABLE ONLY public.profiles_customuser
    ADD CONSTRAINT profiles_customuser_username_key UNIQUE (username);


--
-- Name: profiles_profilemodel profiles_profilemodel_pkey; Type: CONSTRAINT; Schema: public; Owner: postgres-user
--

ALTER TABLE ONLY public.profiles_profilemodel
    ADD CONSTRAINT profiles_profilemodel_pkey PRIMARY KEY (id);


--
-- Name: profiles_profilemodel profiles_profilemodel_profile_id_key; Type: CONSTRAINT; Schema: public; Owner: postgres-user
--

ALTER TABLE ONLY public.profiles_profilemodel
    ADD CONSTRAINT profiles_profilemodel_profile_id_key UNIQUE (profile_id);


--
-- Name: auth_group_name_a6ea08ec_like; Type: INDEX; Schema: public; Owner: postgres-user
--

CREATE INDEX auth_group_name_a6ea08ec_like ON public.auth_group USING btree (name varchar_pattern_ops);


--
-- Name: auth_group_permissions_group_id_b120cbf9; Type: INDEX; Schema: public; Owner: postgres-user
--

CREATE INDEX auth_group_permissions_group_id_b120cbf9 ON public.auth_group_permissions USING btree (group_id);


--
-- Name: auth_group_permissions_permission_id_84c5c92e; Type: INDEX; Schema: public; Owner: postgres-user
--

CREATE INDEX auth_group_permissions_permission_id_84c5c92e ON public.auth_group_permissions USING btree (permission_id);


--
-- Name: auth_permission_content_type_id_2f476e4b; Type: INDEX; Schema: public; Owner: postgres-user
--

CREATE INDEX auth_permission_content_type_id_2f476e4b ON public.auth_permission USING btree (content_type_id);


--
-- Name: common_comment_author_id_c03ca5b5; Type: INDEX; Schema: public; Owner: postgres-user
--

CREATE INDEX common_comment_author_id_c03ca5b5 ON public.common_comment USING btree (author_id);


--
-- Name: common_comment_destination_id_6b5dfb12; Type: INDEX; Schema: public; Owner: postgres-user
--

CREATE INDEX common_comment_destination_id_6b5dfb12 ON public.common_comment USING btree (destination_id);


--
-- Name: common_favorite_destination_id_982ca7ee; Type: INDEX; Schema: public; Owner: postgres-user
--

CREATE INDEX common_favorite_destination_id_982ca7ee ON public.common_favorite USING btree (destination_id);


--
-- Name: common_favorite_user_id_7555b4c1; Type: INDEX; Schema: public; Owner: postgres-user
--

CREATE INDEX common_favorite_user_id_7555b4c1 ON public.common_favorite USING btree (user_id);


--
-- Name: common_like_destination_id_751990af; Type: INDEX; Schema: public; Owner: postgres-user
--

CREATE INDEX common_like_destination_id_751990af ON public.common_like USING btree (destination_id);


--
-- Name: common_like_user_id_2d00b66c; Type: INDEX; Schema: public; Owner: postgres-user
--

CREATE INDEX common_like_user_id_2d00b66c ON public.common_like USING btree (user_id);


--
-- Name: destinations_destination_creator_id_5215363c; Type: INDEX; Schema: public; Owner: postgres-user
--

CREATE INDEX destinations_destination_creator_id_5215363c ON public.destinations_destination USING btree (creator_id);


--
-- Name: django_admin_log_content_type_id_c4bce8eb; Type: INDEX; Schema: public; Owner: postgres-user
--

CREATE INDEX django_admin_log_content_type_id_c4bce8eb ON public.django_admin_log USING btree (content_type_id);


--
-- Name: django_admin_log_user_id_c564eba6; Type: INDEX; Schema: public; Owner: postgres-user
--

CREATE INDEX django_admin_log_user_id_c564eba6 ON public.django_admin_log USING btree (user_id);


--
-- Name: django_session_expire_date_a5c62663; Type: INDEX; Schema: public; Owner: postgres-user
--

CREATE INDEX django_session_expire_date_a5c62663 ON public.django_session USING btree (expire_date);


--
-- Name: django_session_session_key_c0390e0f_like; Type: INDEX; Schema: public; Owner: postgres-user
--

CREATE INDEX django_session_session_key_c0390e0f_like ON public.django_session USING btree (session_key varchar_pattern_ops);


--
-- Name: explore_attraction_destination_id_88e7274e; Type: INDEX; Schema: public; Owner: postgres-user
--

CREATE INDEX explore_attraction_destination_id_88e7274e ON public.explore_attraction USING btree (destination_id);


--
-- Name: explore_exploredestination_continent_id_cee08054; Type: INDEX; Schema: public; Owner: postgres-user
--

CREATE INDEX explore_exploredestination_continent_id_cee08054 ON public.explore_exploredestination USING btree (continent_id);


--
-- Name: profiles_customuser_email_5086907d_like; Type: INDEX; Schema: public; Owner: postgres-user
--

CREATE INDEX profiles_customuser_email_5086907d_like ON public.profiles_customuser USING btree (email varchar_pattern_ops);


--
-- Name: profiles_customuser_groups_customuser_id_2d6c62c5; Type: INDEX; Schema: public; Owner: postgres-user
--

CREATE INDEX profiles_customuser_groups_customuser_id_2d6c62c5 ON public.profiles_customuser_groups USING btree (customuser_id);


--
-- Name: profiles_customuser_groups_group_id_cc13aa3b; Type: INDEX; Schema: public; Owner: postgres-user
--

CREATE INDEX profiles_customuser_groups_group_id_cc13aa3b ON public.profiles_customuser_groups USING btree (group_id);


--
-- Name: profiles_customuser_user_permissions_customuser_id_190c9e96; Type: INDEX; Schema: public; Owner: postgres-user
--

CREATE INDEX profiles_customuser_user_permissions_customuser_id_190c9e96 ON public.profiles_customuser_user_permissions USING btree (customuser_id);


--
-- Name: profiles_customuser_user_permissions_permission_id_f7140861; Type: INDEX; Schema: public; Owner: postgres-user
--

CREATE INDEX profiles_customuser_user_permissions_permission_id_f7140861 ON public.profiles_customuser_user_permissions USING btree (permission_id);


--
-- Name: profiles_customuser_username_955d4cf1_like; Type: INDEX; Schema: public; Owner: postgres-user
--

CREATE INDEX profiles_customuser_username_955d4cf1_like ON public.profiles_customuser USING btree (username varchar_pattern_ops);


--
-- Name: auth_group_permissions auth_group_permissio_permission_id_84c5c92e_fk_auth_perm; Type: FK CONSTRAINT; Schema: public; Owner: postgres-user
--

ALTER TABLE ONLY public.auth_group_permissions
    ADD CONSTRAINT auth_group_permissio_permission_id_84c5c92e_fk_auth_perm FOREIGN KEY (permission_id) REFERENCES public.auth_permission(id) DEFERRABLE INITIALLY DEFERRED;


--
-- Name: auth_group_permissions auth_group_permissions_group_id_b120cbf9_fk_auth_group_id; Type: FK CONSTRAINT; Schema: public; Owner: postgres-user
--

ALTER TABLE ONLY public.auth_group_permissions
    ADD CONSTRAINT auth_group_permissions_group_id_b120cbf9_fk_auth_group_id FOREIGN KEY (group_id) REFERENCES public.auth_group(id) DEFERRABLE INITIALLY DEFERRED;


--
-- Name: auth_permission auth_permission_content_type_id_2f476e4b_fk_django_co; Type: FK CONSTRAINT; Schema: public; Owner: postgres-user
--

ALTER TABLE ONLY public.auth_permission
    ADD CONSTRAINT auth_permission_content_type_id_2f476e4b_fk_django_co FOREIGN KEY (content_type_id) REFERENCES public.django_content_type(id) DEFERRABLE INITIALLY DEFERRED;


--
-- Name: common_comment common_comment_author_id_c03ca5b5_fk_profiles_customuser_id; Type: FK CONSTRAINT; Schema: public; Owner: postgres-user
--

ALTER TABLE ONLY public.common_comment
    ADD CONSTRAINT common_comment_author_id_c03ca5b5_fk_profiles_customuser_id FOREIGN KEY (author_id) REFERENCES public.profiles_customuser(id) DEFERRABLE INITIALLY DEFERRED;


--
-- Name: common_comment common_comment_destination_id_6b5dfb12_fk_destinati; Type: FK CONSTRAINT; Schema: public; Owner: postgres-user
--

ALTER TABLE ONLY public.common_comment
    ADD CONSTRAINT common_comment_destination_id_6b5dfb12_fk_destinati FOREIGN KEY (destination_id) REFERENCES public.destinations_destination(id) DEFERRABLE INITIALLY DEFERRED;


--
-- Name: common_favorite common_favorite_destination_id_982ca7ee_fk_destinati; Type: FK CONSTRAINT; Schema: public; Owner: postgres-user
--

ALTER TABLE ONLY public.common_favorite
    ADD CONSTRAINT common_favorite_destination_id_982ca7ee_fk_destinati FOREIGN KEY (destination_id) REFERENCES public.destinations_destination(id) DEFERRABLE INITIALLY DEFERRED;


--
-- Name: common_favorite common_favorite_user_id_7555b4c1_fk_profiles_customuser_id; Type: FK CONSTRAINT; Schema: public; Owner: postgres-user
--

ALTER TABLE ONLY public.common_favorite
    ADD CONSTRAINT common_favorite_user_id_7555b4c1_fk_profiles_customuser_id FOREIGN KEY (user_id) REFERENCES public.profiles_customuser(id) DEFERRABLE INITIALLY DEFERRED;


--
-- Name: common_like common_like_destination_id_751990af_fk_destinati; Type: FK CONSTRAINT; Schema: public; Owner: postgres-user
--

ALTER TABLE ONLY public.common_like
    ADD CONSTRAINT common_like_destination_id_751990af_fk_destinati FOREIGN KEY (destination_id) REFERENCES public.destinations_destination(id) DEFERRABLE INITIALLY DEFERRED;


--
-- Name: common_like common_like_user_id_2d00b66c_fk_profiles_customuser_id; Type: FK CONSTRAINT; Schema: public; Owner: postgres-user
--

ALTER TABLE ONLY public.common_like
    ADD CONSTRAINT common_like_user_id_2d00b66c_fk_profiles_customuser_id FOREIGN KEY (user_id) REFERENCES public.profiles_customuser(id) DEFERRABLE INITIALLY DEFERRED;


--
-- Name: destinations_destination destinations_destina_creator_id_5215363c_fk_profiles_; Type: FK CONSTRAINT; Schema: public; Owner: postgres-user
--

ALTER TABLE ONLY public.destinations_destination
    ADD CONSTRAINT destinations_destina_creator_id_5215363c_fk_profiles_ FOREIGN KEY (creator_id) REFERENCES public.profiles_customuser(id) DEFERRABLE INITIALLY DEFERRED;


--
-- Name: django_admin_log django_admin_log_content_type_id_c4bce8eb_fk_django_co; Type: FK CONSTRAINT; Schema: public; Owner: postgres-user
--

ALTER TABLE ONLY public.django_admin_log
    ADD CONSTRAINT django_admin_log_content_type_id_c4bce8eb_fk_django_co FOREIGN KEY (content_type_id) REFERENCES public.django_content_type(id) DEFERRABLE INITIALLY DEFERRED;


--
-- Name: django_admin_log django_admin_log_user_id_c564eba6_fk_profiles_customuser_id; Type: FK CONSTRAINT; Schema: public; Owner: postgres-user
--

ALTER TABLE ONLY public.django_admin_log
    ADD CONSTRAINT django_admin_log_user_id_c564eba6_fk_profiles_customuser_id FOREIGN KEY (user_id) REFERENCES public.profiles_customuser(id) DEFERRABLE INITIALLY DEFERRED;


--
-- Name: explore_attraction explore_attraction_destination_id_88e7274e_fk_explore_e; Type: FK CONSTRAINT; Schema: public; Owner: postgres-user
--

ALTER TABLE ONLY public.explore_attraction
    ADD CONSTRAINT explore_attraction_destination_id_88e7274e_fk_explore_e FOREIGN KEY (destination_id) REFERENCES public.explore_exploredestination(id) DEFERRABLE INITIALLY DEFERRED;


--
-- Name: explore_exploredestination explore_exploredesti_continent_id_cee08054_fk_explore_c; Type: FK CONSTRAINT; Schema: public; Owner: postgres-user
--

ALTER TABLE ONLY public.explore_exploredestination
    ADD CONSTRAINT explore_exploredesti_continent_id_cee08054_fk_explore_c FOREIGN KEY (continent_id) REFERENCES public.explore_continent(id) DEFERRABLE INITIALLY DEFERRED;


--
-- Name: profiles_customuser_user_permissions profiles_customuser__customuser_id_190c9e96_fk_profiles_; Type: FK CONSTRAINT; Schema: public; Owner: postgres-user
--

ALTER TABLE ONLY public.profiles_customuser_user_permissions
    ADD CONSTRAINT profiles_customuser__customuser_id_190c9e96_fk_profiles_ FOREIGN KEY (customuser_id) REFERENCES public.profiles_customuser(id) DEFERRABLE INITIALLY DEFERRED;


--
-- Name: profiles_customuser_groups profiles_customuser__customuser_id_2d6c62c5_fk_profiles_; Type: FK CONSTRAINT; Schema: public; Owner: postgres-user
--

ALTER TABLE ONLY public.profiles_customuser_groups
    ADD CONSTRAINT profiles_customuser__customuser_id_2d6c62c5_fk_profiles_ FOREIGN KEY (customuser_id) REFERENCES public.profiles_customuser(id) DEFERRABLE INITIALLY DEFERRED;


--
-- Name: profiles_customuser_user_permissions profiles_customuser__permission_id_f7140861_fk_auth_perm; Type: FK CONSTRAINT; Schema: public; Owner: postgres-user
--

ALTER TABLE ONLY public.profiles_customuser_user_permissions
    ADD CONSTRAINT profiles_customuser__permission_id_f7140861_fk_auth_perm FOREIGN KEY (permission_id) REFERENCES public.auth_permission(id) DEFERRABLE INITIALLY DEFERRED;


--
-- Name: profiles_customuser_groups profiles_customuser_groups_group_id_cc13aa3b_fk_auth_group_id; Type: FK CONSTRAINT; Schema: public; Owner: postgres-user
--

ALTER TABLE ONLY public.profiles_customuser_groups
    ADD CONSTRAINT profiles_customuser_groups_group_id_cc13aa3b_fk_auth_group_id FOREIGN KEY (group_id) REFERENCES public.auth_group(id) DEFERRABLE INITIALLY DEFERRED;


--
-- Name: profiles_profilemodel profiles_profilemode_profile_id_0d8ca998_fk_profiles_; Type: FK CONSTRAINT; Schema: public; Owner: postgres-user
--

ALTER TABLE ONLY public.profiles_profilemodel
    ADD CONSTRAINT profiles_profilemode_profile_id_0d8ca998_fk_profiles_ FOREIGN KEY (profile_id) REFERENCES public.profiles_customuser(id) DEFERRABLE INITIALLY DEFERRED;


--
-- PostgreSQL database dump complete
--

